{
    "Ar36": {
        "error": 0.0005070604856208478, 
        "filter_outliers_dict": {
            "filter_outliers": true, 
            "iterations": 1, 
            "std_devs": 2
        }, 
        "fit": "Linear", 
        "value": 0.03645550742956477
    }, 
    "Ar37": {
        "error": 0.013181350610376456, 
        "filter_outliers_dict": {
            "filter_outliers": true, 
            "iterations": 1, 
            "std_devs": 2
        }, 
        "fit": "linear", 
        "value": 0.1280033777898773
    }, 
    "Ar38": {
        "error": 0.005146427667113662, 
        "filter_outliers_dict": {
            "filter_outliers": true, 
            "iterations": 1, 
            "std_devs": 2
        }, 
        "fit": "linear", 
        "value": 0.3938258152800717
    }, 
    "Ar39": {
        "error": 0.013389737476797111, 
        "filter_outliers_dict": {
            "filter_outliers": true, 
            "iterations": 1, 
            "std_devs": 2
        }, 
        "fit": "Linear", 
        "value": 31.160580995998437
    }, 
    "Ar40": {
        "error": 0.018804111659677006, 
        "filter_outliers_dict": {
            "filter_outliers": true, 
            "iterations": 1, 
            "std_devs": 2
        }, 
        "fit": "Linear", 
        "value": 74.34218915810722
    }, 
    "Ar41": {
        "error": 0.006813786828168124, 
        "filter_outliers_dict": {
            "filter_outliers": true, 
            "iterations": 1, 
            "std_devs": 2
        }, 
        "fit": "Average", 
        "value": -0.072126637209473
    }
}