{
    "Ar36": {
        "error": 0.0009218717176241802, 
        "filter_outliers_dict": {
            "filter_outliers": true, 
            "iterations": 1, 
            "std_devs": 2
        }, 
        "fit": "Linear", 
        "value": 0.021323503125490216
    }, 
    "Ar37": {
        "error": 0.022179951421564387, 
        "filter_outliers_dict": {
            "filter_outliers": true, 
            "iterations": 1, 
            "std_devs": 2
        }, 
        "fit": "linear", 
        "value": 0.02893920888388782
    }, 
    "Ar38": {
        "error": 0.008884086403762825, 
        "filter_outliers_dict": {
            "filter_outliers": true, 
            "iterations": 1, 
            "std_devs": 2
        }, 
        "fit": "linear", 
        "value": 0.07978160912008464
    }, 
    "Ar39": {
        "error": 0.0280515382511864, 
        "filter_outliers_dict": {
            "filter_outliers": true, 
            "iterations": 1, 
            "std_devs": 2
        }, 
        "fit": "Linear", 
        "value": 5.668686539372036
    }, 
    "Ar40": {
        "error": 0.06572623573461407, 
        "filter_outliers_dict": {
            "filter_outliers": true, 
            "iterations": 1, 
            "std_devs": 2
        }, 
        "fit": "Linear", 
        "value": 344.81779586257693
    }, 
    "Ar41": {
        "error": 0.00895350135933555, 
        "filter_outliers_dict": {
            "filter_outliers": true, 
            "iterations": 1, 
            "std_devs": 2
        }, 
        "fit": "Average", 
        "value": -0.04792126740081443
    }
}