{
    "Ar36": {
        "error": 0.0005728653581143722, 
        "filter_outliers_dict": {
            "filter_outliers": true, 
            "iterations": 1, 
            "std_devs": 2
        }, 
        "fit": "Linear", 
        "value": 0.018824827343615687
    }, 
    "Ar37": {
        "error": 0.02474534124806966, 
        "filter_outliers_dict": {
            "filter_outliers": true, 
            "iterations": 1, 
            "std_devs": 2
        }, 
        "fit": "linear", 
        "value": 0.16943054012068826
    }, 
    "Ar38": {
        "error": 0.010203571912361958, 
        "filter_outliers_dict": {
            "filter_outliers": true, 
            "iterations": 1, 
            "std_devs": 2
        }, 
        "fit": "linear", 
        "value": 0.1284571753273295
    }, 
    "Ar39": {
        "error": 0.027266021441769813, 
        "filter_outliers_dict": {
            "filter_outliers": true, 
            "iterations": 1, 
            "std_devs": 2
        }, 
        "fit": "Linear", 
        "value": 8.369458435579702
    }, 
    "Ar40": {
        "error": 0.1680842272282495, 
        "filter_outliers_dict": {
            "filter_outliers": true, 
            "iterations": 1, 
            "std_devs": 2
        }, 
        "fit": "Linear", 
        "value": 1147.1291689107925
    }, 
    "Ar41": {
        "error": 0.00824562437654601, 
        "filter_outliers_dict": {
            "filter_outliers": true, 
            "iterations": 1, 
            "std_devs": 2
        }, 
        "fit": "Average", 
        "value": 0.14168313368195376
    }
}